Marta;Nowicka;1someMail@meil.com
Marta;Nowicka;2someMail@meil.com
Marta;Nowicka;3someMail@meil.com
Marta;Nowicka;4someMail@meil.com
Marta;Nowicka;5someMail@meil.com
Marta;Nowicka;6someMail@meil.com
Marta;Nowicka;7someMail@meil.com
Marta;Nowicka;8someMail@meil.com
Marta;Nowicka;9someMail@meil.com
Marta;Nowicka;10someMail@meil.com
Marta;Nowicka;11someMail@meil.com
Marta;Nowicka;12someMail@meil.com
Marta;Nowicka;13someMail@meil.com
Marta;Nowicka;14someMail@meil.com
Marta;Nowicka;15someMail@meil.com
Marta;Nowicka;16someMail@meil.com
Marta;Nowicka;17someMail@meil.com
Marta;Nowicka;18someMail@meil.com
Marta;Nowicka;19someMail@meil.com
Marta;Nowicka;20someMail@meil.com
Marta;Nowicka;21someMail@meil.com
Marta;Nowicka;22someMail@meil.com
Marta;Nowicka;23someMail@meil.com
Marta;Nowicka;24someMail@meil.com
Marta;Nowicka;25someMail@meil.com
Marta;Nowicka;26someMail@meil.com
Marta;Nowicka;27someMail@meil.com
Marta;Nowicka;28someMail@meil.com
Marta;Nowicka;29someMail@meil.com
Marta;Nowicka;30someMail@meil.com
Marta;Nowicka;31someMail@meil.com
Marta;Nowicka;32someMail@meil.com
Marta;Nowicka;33someMail@meil.com
Marta;Nowicka;34someMail@meil.com
Marta;Nowicka;35someMail@meil.com
Marta;Nowicka;36someMail@meil.com
Marta;Nowicka;37someMail@meil.com
Marta;Nowicka;38someMail@meil.com
Marta;Nowicka;39someMail@meil.com
Marta;Nowicka;40someMail@meil.com
Marta;Nowicka;41someMail@meil.com
Marta;Nowicka;42someMail@meil.com
Marta;Nowicka;43someMail@meil.com
Marta;Nowicka;44someMail@meil.com
Marta;Nowicka;45someMail@meil.com
Marta;Nowicka;46someMail@meil.com
Marta;Nowicka;47someMail@meil.com
Marta;Nowicka;48someMail@meil.com
Marta;Nowicka;49someMail@meil.com
Marta;Nowicka;50someMail@meil.com
Marta;Nowicka;51someMail@meil.com
Marta;Nowicka;52someMail@meil.com
Marta;Nowicka;53someMail@meil.com
Marta;Nowicka;54someMail@meil.com
Marta;Nowicka;55someMail@meil.com
Marta;Nowicka;56someMail@meil.com
Marta;Nowicka;57someMail@meil.com
Marta;Nowicka;58someMail@meil.com
Marta;Nowicka;59someMail@meil.com
Marta;Nowicka;60someMail@meil.com
Marta;Nowicka;61someMail@meil.com
Marta;Nowicka;62someMail@meil.com
Marta;Nowicka;63someMail@meil.com
Marta;Nowicka;64someMail@meil.com
Marta;Nowicka;65someMail@meil.com
Marta;Nowicka;66someMail@meil.com
Marta;Nowicka;67someMail@meil.com
Marta;Nowicka;68someMail@meil.com
Marta;Nowicka;69someMail@meil.com
Marta;Nowicka;70someMail@meil.com
Marta;Nowicka;71someMail@meil.com
Marta;Nowicka;72someMail@meil.com
Marta;Nowicka;73someMail@meil.com
Marta;Nowicka;74someMail@meil.com
Marta;Nowicka;75someMail@meil.com
Marta;Nowicka;76someMail@meil.com
Marta;Nowicka;77someMail@meil.com
Marta;Nowicka;78someMail@meil.com
Marta;Nowicka;79someMail@meil.com
Marta;Nowicka;80someMail@meil.com
Marta;Nowicka;81someMail@meil.com
Marta;Nowicka;82someMail@meil.com
Marta;Nowicka;83someMail@meil.com
Marta;Nowicka;84someMail@meil.com
Marta;Nowicka;85someMail@meil.com
Marta;Nowicka;86someMail@meil.com
Marta;Nowicka;87someMail@meil.com
Marta;Nowicka;88someMail@meil.com
Marta;Nowicka;89someMail@meil.com
Marta;Nowicka;90someMail@meil.com
Marta;Nowicka;91someMail@meil.com
Marta;Nowicka;92someMail@meil.com
Marta;Nowicka;93someMail@meil.com
Marta;Nowicka;94someMail@meil.com
Marta;Nowicka;95someMail@meil.com
Marta;Nowicka;96someMail@meil.com
Marta;Nowicka;97someMail@meil.com
Marta;Nowicka;98someMail@meil.com
Marta;Nowicka;99someMail@meil.com
Marta;Nowicka;100someMail@meil.com
Marta;Nowicka;101someMail@meil.com
Marta;Nowicka;102someMail@meil.com
Marta;Nowicka;103someMail@meil.com
Marta;Nowicka;104someMail@meil.com
Marta;Nowicka;105someMail@meil.com
Marta;Nowicka;106someMail@meil.com
Marta;Nowicka;107someMail@meil.com
Marta;Nowicka;108someMail@meil.com
Marta;Nowicka;109someMail@meil.com
Marta;Nowicka;110someMail@meil.com
Marta;Nowicka;111someMail@meil.com
Marta;Nowicka;112someMail@meil.com
Marta;Nowicka;113someMail@meil.com
Marta;Nowicka;114someMail@meil.com
Marta;Nowicka;115someMail@meil.com
Marta;Nowicka;116someMail@meil.com
Marta;Nowicka;117someMail@meil.com
Marta;Nowicka;118someMail@meil.com
Marta;Nowicka;119someMail@meil.com
Marta;Nowicka;120someMail@meil.com
Marta;Nowicka;121someMail@meil.com
Marta;Nowicka;122someMail@meil.com
Marta;Nowicka;123someMail@meil.com
Marta;Nowicka;124someMail@meil.com
Marta;Nowicka;125someMail@meil.com
Marta;Nowicka;126someMail@meil.com
Marta;Nowicka;127someMail@meil.com
Marta;Nowicka;128someMail@meil.com
Marta;Nowicka;129someMail@meil.com
Marta;Nowicka;130someMail@meil.com
Marta;Nowicka;131someMail@meil.com
Marta;Nowicka;132someMail@meil.com
Marta;Nowicka;133someMail@meil.com
Marta;Nowicka;134someMail@meil.com
Marta;Nowicka;135someMail@meil.com
Marta;Nowicka;136someMail@meil.com
Marta;Nowicka;137someMail@meil.com
Marta;Nowicka;138someMail@meil.com
Marta;Nowicka;139someMail@meil.com
Marta;Nowicka;140someMail@meil.com
Marta;Nowicka;141someMail@meil.com
Marta;Nowicka;142someMail@meil.com
Marta;Nowicka;143someMail@meil.com
Marta;Nowicka;144someMail@meil.com
Marta;Nowicka;145someMail@meil.com
Marta;Nowicka;146someMail@meil.com
Marta;Nowicka;147someMail@meil.com
Marta;Nowicka;148someMail@meil.com
Marta;Nowicka;149someMail@meil.com
Marta;Nowicka;150someMail@meil.com
Marta;Nowicka;151someMail@meil.com
Marta;Nowicka;152someMail@meil.com
Marta;Nowicka;153someMail@meil.com
Marta;Nowicka;154someMail@meil.com
Marta;Nowicka;155someMail@meil.com
Marta;Nowicka;156someMail@meil.com
Marta;Nowicka;157someMail@meil.com
Marta;Nowicka;158someMail@meil.com
Marta;Nowicka;159someMail@meil.com
Marta;Nowicka;160someMail@meil.com
Marta;Nowicka;161someMail@meil.com
Marta;Nowicka;162someMail@meil.com
Marta;Nowicka;163someMail@meil.com
Marta;Nowicka;164someMail@meil.com
Marta;Nowicka;165someMail@meil.com
Marta;Nowicka;166someMail@meil.com
Marta;Nowicka;167someMail@meil.com
Marta;Nowicka;168someMail@meil.com
Marta;Nowicka;169someMail@meil.com
Marta;Nowicka;170someMail@meil.com
Marta;Nowicka;171someMail@meil.com
Marta;Nowicka;172someMail@meil.com
Marta;Nowicka;173someMail@meil.com
Marta;Nowicka;174someMail@meil.com
Marta;Nowicka;175someMail@meil.com
Marta;Nowicka;176someMail@meil.com
Marta;Nowicka;177someMail@meil.com
Marta;Nowicka;178someMail@meil.com
Marta;Nowicka;179someMail@meil.com
Marta;Nowicka;180someMail@meil.com
Marta;Nowicka;181someMail@meil.com
Marta;Nowicka;182someMail@meil.com
Marta;Nowicka;183someMail@meil.com
Marta;Nowicka;184someMail@meil.com
Marta;Nowicka;185someMail@meil.com
Marta;Nowicka;186someMail@meil.com
Marta;Nowicka;187someMail@meil.com
Marta;Nowicka;188someMail@meil.com
Marta;Nowicka;189someMail@meil.com
Marta;Nowicka;190someMail@meil.com
Marta;Nowicka;191someMail@meil.com
Marta;Nowicka;192someMail@meil.com
Marta;Nowicka;193someMail@meil.com
Marta;Nowicka;194someMail@meil.com
Marta;Nowicka;195someMail@meil.com
Marta;Nowicka;196someMail@meil.com
Marta;Nowicka;197someMail@meil.com
Marta;Nowicka;198someMail@meil.com
Marta;Nowicka;199someMail@meil.com
Marta;Nowicka;200someMail@meil.com
Marta;Nowicka;201someMail@meil.com
Marta;Nowicka;202someMail@meil.com
Marta;Nowicka;203someMail@meil.com
Marta;Nowicka;204someMail@meil.com
Marta;Nowicka;205someMail@meil.com
Marta;Nowicka;206someMail@meil.com
Marta;Nowicka;207someMail@meil.com
Marta;Nowicka;208someMail@meil.com
Marta;Nowicka;209someMail@meil.com
Marta;Nowicka;210someMail@meil.com
Marta;Nowicka;211someMail@meil.com
Marta;Nowicka;212someMail@meil.com
Marta;Nowicka;213someMail@meil.com
Marta;Nowicka;214someMail@meil.com
Marta;Nowicka;215someMail@meil.com
Marta;Nowicka;216someMail@meil.com
Marta;Nowicka;217someMail@meil.com
Marta;Nowicka;218someMail@meil.com
Marta;Nowicka;219someMail@meil.com
Marta;Nowicka;220someMail@meil.com
Marta;Nowicka;221someMail@meil.com
Marta;Nowicka;222someMail@meil.com
Marta;Nowicka;223someMail@meil.com
Marta;Nowicka;224someMail@meil.com
Marta;Nowicka;225someMail@meil.com
Marta;Nowicka;226someMail@meil.com
Marta;Nowicka;227someMail@meil.com
Marta;Nowicka;228someMail@meil.com
Marta;Nowicka;229someMail@meil.com
Marta;Nowicka;230someMail@meil.com
Marta;Nowicka;231someMail@meil.com
Marta;Nowicka;232someMail@meil.com
Marta;Nowicka;233someMail@meil.com
Marta;Nowicka;234someMail@meil.com
Marta;Nowicka;235someMail@meil.com
Marta;Nowicka;236someMail@meil.com
Marta;Nowicka;237someMail@meil.com
Marta;Nowicka;238someMail@meil.com
Marta;Nowicka;239someMail@meil.com
Marta;Nowicka;240someMail@meil.com
Marta;Nowicka;241someMail@meil.com
Marta;Nowicka;242someMail@meil.com
Marta;Nowicka;243someMail@meil.com
Marta;Nowicka;244someMail@meil.com
Marta;Nowicka;245someMail@meil.com
Marta;Nowicka;246someMail@meil.com
Marta;Nowicka;247someMail@meil.com
Marta;Nowicka;248someMail@meil.com
Marta;Nowicka;249someMail@meil.com
Marta;Nowicka;250someMail@meil.com
Marta;Nowicka;251someMail@meil.com
Marta;Nowicka;252someMail@meil.com
Marta;Nowicka;253someMail@meil.com
Marta;Nowicka;254someMail@meil.com
Marta;Nowicka;255someMail@meil.com
Marta;Nowicka;256someMail@meil.com
Marta;Nowicka;257someMail@meil.com
Marta;Nowicka;258someMail@meil.com
Marta;Nowicka;259someMail@meil.com
Marta;Nowicka;260someMail@meil.com
Marta;Nowicka;261someMail@meil.com
Marta;Nowicka;262someMail@meil.com
Marta;Nowicka;263someMail@meil.com
Marta;Nowicka;264someMail@meil.com
Marta;Nowicka;265someMail@meil.com
Marta;Nowicka;266someMail@meil.com
Marta;Nowicka;267someMail@meil.com
Marta;Nowicka;268someMail@meil.com
Marta;Nowicka;269someMail@meil.com
Marta;Nowicka;270someMail@meil.com
Marta;Nowicka;271someMail@meil.com
Marta;Nowicka;272someMail@meil.com
Marta;Nowicka;273someMail@meil.com
Marta;Nowicka;274someMail@meil.com
Marta;Nowicka;275someMail@meil.com
Marta;Nowicka;276someMail@meil.com
Marta;Nowicka;277someMail@meil.com
Marta;Nowicka;278someMail@meil.com
Marta;Nowicka;279someMail@meil.com
Marta;Nowicka;280someMail@meil.com
Marta;Nowicka;281someMail@meil.com
Marta;Nowicka;282someMail@meil.com
Marta;Nowicka;283someMail@meil.com
Marta;Nowicka;284someMail@meil.com
Marta;Nowicka;285someMail@meil.com
Marta;Nowicka;286someMail@meil.com
Marta;Nowicka;287someMail@meil.com
Marta;Nowicka;288someMail@meil.com
Marta;Nowicka;289someMail@meil.com
Marta;Nowicka;290someMail@meil.com
Marta;Nowicka;291someMail@meil.com
Marta;Nowicka;292someMail@meil.com
Marta;Nowicka;293someMail@meil.com
Marta;Nowicka;294someMail@meil.com
Marta;Nowicka;295someMail@meil.com
Marta;Nowicka;296someMail@meil.com
Marta;Nowicka;297someMail@meil.com
Marta;Nowicka;298someMail@meil.com
Marta;Nowicka;299someMail@meil.com
Marta;Nowicka;300someMail@meil.com
